{
  "adamw": {
    "exp_avg": {
      "shape": [
        2,
        3
      ],
      "values": [
        0.025999996811151505,
        0.01399999763816595,
        0.0019999979995191097,
        -0.009999998845160007,
        -0.02199999801814556,
        -0.03399999812245369
      ]
    },
    "exp_avg_sq": {
      "shape": [
        2,
        3
      ],
      "values": [
        0.000845000147819519,
        0.00024500000290572643,
        4.99999168823706e-06,
        0.00012500002048909664,
        0.0006050001247785985,
        0.0014450004091486335
      ]
    },
    "gradient": {
      "shape": [
        2,
        3
      ],
      "values": [
        0.12999999523162842,
        0.06999999284744263,
        0.009999990463256836,
        -0.04999999701976776,
        -0.10999999940395355,
        -0.17000000178813934
      ]
    },
    "hyper": {
      "betas": [
        0.8,
        0.95
      ],
      "eps": 1e-10,
      "lr": 0.003,
      "weight_decay": 0.01
    },
    "output": {
      "shape": [
        2,
        3
      ],
      "values": [
        -0.4029880166053772,
        -0.2229934185743332,
        -0.042998820543289185,
        0.14299581944942474,
        0.32299038767814636,
        0.5029850006103516
      ]
    },
    "parameter": {
      "shape": [
        2,
        3
      ],
      "values": [
        -0.4000000059604645,
        -0.2200000137090683,
        -0.04000002145767212,
        0.14000001549720764,
        0.3199999928474426,
        0.5
      ]
    }
  },
  "muon_tall": {
    "gradient": {
      "shape": [
        5,
        3
      ],
      "values": [
        -0.1899999976158142,
        -0.16499999165534973,
        -0.14000000059604645,
        -0.11499999463558197,
        -0.08999999612569809,
        -0.06499999761581421,
        -0.03999999538064003,
        -0.015000006183981895,
        0.009999994188547134,
        0.034999996423721313,
        0.059999994933605194,
        0.08499999344348907,
        0.10999999940395355,
        0.13499999046325684,
        0.1599999964237213
      ]
    },
    "hyper": {
      "beta2": 0.9,
      "lr": 0.02,
      "momentum": 0.95,
      "ns_steps": 5,
      "weight_decay": 0.1
    },
    "momentum_buffer": {
      "shape": [
        5,
        3
      ],
      "values": [
        -0.00950000248849392,
        -0.008250001817941666,
        -0.007000001613050699,
        -0.0057500009424984455,
        -0.004500000737607479,
        -0.0032500007655471563,
        -0.0020000003278255463,
        -0.0007500004721805453,
        0.0004999998491257429,
        0.001750000286847353,
        0.0030000004917383194,
        0.004250000696629286,
        0.0055000013671815395,
        0.006750001106411219,
        0.008000001311302185
      ]
    },
    "output": {
      "shape": [
        5,
        3
      ],
      "values": [
        -0.33598020672798157,
        -0.2835800051689148,
        -0.2311803251504898,
        -0.16357265412807465,
        -0.11416550725698471,
        -0.06492312997579575,
        0.005564552731812,
        0.05141979828476906,
        0.09701628983020782,
        0.16856124997138977,
        0.21566608548164368,
        0.26319530606269836,
        0.33397531509399414,
        0.38429489731788635,
        0.43461430072784424
      ]
    },
    "parameter": {
      "shape": [
        5,
        3
      ],
      "values": [
        -0.3499999940395355,
        -0.2928571403026581,
        -0.23571428656578064,
        -0.1785714328289032,
        -0.12142857909202576,
        -0.06428572535514832,
        -0.007142871618270874,
        0.050000011920928955,
        0.1071428656578064,
        0.16428571939468384,
        0.22142857313156128,
        0.2785714268684387,
        0.33571428060531616,
        0.3928571343421936,
        0.44999998807907104
      ]
    },
    "second_momentum_buffer": {
      "shape": [
        5,
        1
      ],
      "values": [
        0.021987944841384888,
        0.009649883024394512,
        0.005157096311450005,
        0.008509586565196514,
        0.019707320258021355
      ]
    }
  },
  "muon_wide": {
    "gradient": {
      "shape": [
        3,
        5
      ],
      "values": [
        -0.1899999976158142,
        -0.16499999165534973,
        -0.14000000059604645,
        -0.11499999463558197,
        -0.08999999612569809,
        -0.06499999761581421,
        -0.03999999538064003,
        -0.015000006183981895,
        0.009999994188547134,
        0.034999996423721313,
        0.059999994933605194,
        0.08499999344348907,
        0.10999999940395355,
        0.13499999046325684,
        0.1599999964237213
      ]
    },
    "hyper": {
      "beta2": 0.9,
      "lr": 0.02,
      "momentum": 0.95,
      "ns_steps": 5,
      "weight_decay": 0.1
    },
    "momentum_buffer": {
      "shape": [
        3,
        5
      ],
      "values": [
        -0.00950000248849392,
        -0.008250001817941666,
        -0.007000001613050699,
        -0.0057500009424984455,
        -0.004500000737607479,
        -0.0032500007655471563,
        -0.0020000003278255463,
        -0.0007500004721805453,
        0.0004999998491257429,
        0.001750000286847353,
        0.0030000004917383194,
        0.004250000696629286,
        0.0055000013671815395,
        0.006750001106411219,
        0.008000001311302185
      ]
    },
    "output": {
      "shape": [
        3,
        5
      ],
      "values": [
        -0.33771833777427673,
        -0.2797439396381378,
        -0.22473403811454773,
        -0.17374755442142487,
        -0.12086567282676697,
        -0.05716216191649437,
        -0.0017884313128888607,
        0.050847236067056656,
        0.10297202318906784,
        0.15794123709201813,
        0.22383661568164825,
        0.27616816759109497,
        0.3262275457382202,
        0.3796917200088501,
        0.43674808740615845
      ]
    },
    "parameter": {
      "shape": [
        3,
        5
      ],
      "values": [
        -0.3499999940395355,
        -0.2928571403026581,
        -0.23571428656578064,
        -0.1785714328289032,
        -0.12142857909202576,
        -0.06428572535514832,
        -0.007142871618270874,
        0.050000011920928955,
        0.1071428656578064,
        0.16428571939468384,
        0.22142857313156128,
        0.2785714268684387,
        0.33571428060531616,
        0.3928571343421936,
        0.44999998807907104
      ]
    },
    "second_momentum_buffer": {
      "shape": [
        1,
        5
      ],
      "values": [
        0.023774312809109688,
        0.011642606928944588,
        0.0076247286051511765,
        0.011720722541213036,
        0.023930558934807777
      ]
    }
  },
  "schema_version": 1,
  "source": {
    "dtype": "float32",
    "implementation": "nanochat.optim.MuonAdamW",
    "torch": "2.9.1"
  }
}
